{"0": 218.19302927384558, "1": 219.65402586101985, "2": 225.78793008030075, "3": 213.81708556039436, "5": 219.33248085147085, "6": 218.02079710607725, "7": 222.41471107430328, "9": 224.4627550185522, "10": 227.5233578041516, "22": 221.30612927191308, "23": 220.74226305036436, "4": 114.90460350135444, "8": 116.41712891446888, "11": 119.90061094603112, "21": 118.07381514465439, "12": 378.51244331097405, "13": 351.5389797822393, "14": 380.56947092697493, "15": 380.9285515587926, "16": 351.0215206287308, "17": 379.9910281848568, "18": 379.31944071868065, "19": 349.48187953886634, "20": 379.6930941676454}