{"0": 223.21959797994697, "1": 217.8477800346907, "2": 223.5151070974886, "3": 207.47743564360124, "5": 216.23783702435117, "6": 213.74185803859174, "7": 218.42859645888575, "9": 221.16185568684386, "10": 223.4293092700521, "22": 213.97461035507501, "23": 220.0471399084313, "4": 104.6449098087086, "8": 112.67305778451113, "11": 102.6690218093726, "21": 110.0426518483074, "12": 363.72901391327804, "13": 300.0046379895558, "14": 367.4176507115272, "15": 385.12357022853513, "16": 305.232682990763, "17": 375.3620045183463, "18": 405.4338664846242, "19": 294.76213024434037, "20": 363.6490751679905}