{"0": 212.44971137742934, "1": 210.36893978767338, "2": 261.0634525630983, "3": 220.25113776607336, "5": 220.725906807154, "6": 219.05645648022266, "7": 214.67803157579942, "9": 224.26491915664886, "10": 224.91067141300778, "22": 222.11887443532666, "23": 222.31752546733136, "4": 110.31441979087452, "8": 115.70667640595828, "11": 115.83529765373402, "21": 111.59292660642481, "12": 407.23373827314475, "13": 386.12885499384174, "14": 401.3404793482358, "15": 400.36866073387887, "16": 378.321866575713, "17": 405.09680385982824, "18": 408.24511550689823, "19": 401.42602502304374, "20": 398.1944005608709}