{"0": 223.21959797994697, "1": 217.84778003469066, "2": 223.5151070974886, "3": 207.47743564360124, "5": 216.2945623373915, "6": 213.78053770637092, "7": 218.37520966150024, "9": 221.16470463176574, "10": 223.40390824911864, "22": 213.90207567748052, "23": 220.1083890379542, "4": 104.64160208926727, "8": 112.69345052130639, "11": 103.0782013879755, "21": 110.03065278007638, "12": 363.72901391327804, "13": 300.0046379895559, "14": 367.4176507115272, "15": 385.123570228535, "16": 305.232682990763, "17": 375.3620045183463, "18": 405.4338664846242, "19": 294.76213024434037, "20": 363.6490751679905}