{"0": 210.3786958515138, "1": 210.42703887552454, "2": 211.33936284696463, "3": 211.94045042114945, "5": 493.6552753082624, "6": 213.99993160500395, "7": 216.7990104737047, "9": 217.00764407931723, "10": 214.8867246604473, "22": 217.66243943755657, "23": 215.08260857284594, "4": 114.0281448874, "8": 115.3463934692682, "11": 121.26955079091915, "21": 116.10171864888366, "12": 386.6363917398821, "13": 343.09261695869696, "14": 379.38687491362265, "15": 379.7388943823657, "16": 342.08296150822, "17": 379.3292858276363, "18": 378.93681988421554, "19": 344.25416317850056, "20": 378.14263847641934}