{"0": 210.38448861247406, "1": 214.48822776353865, "2": 210.14588302430877, "3": 233.49656811111362, "5": 212.85994861402682, "6": 214.74793109712317, "7": 216.3298420037074, "9": 217.27557212702408, "10": 219.47908803815258, "22": 212.22196818940986, "23": 217.70275182457124, "4": 114.72565583402579, "8": 114.2775843794467, "11": 118.06797683561659, "21": 112.70013499400692, "12": 378.2991691157589, "13": 349.601203398027, "14": 377.63454482016226, "15": 377.44357780343915, "16": 342.861477514585, "17": 377.7028939829009, "18": 378.2303330583194, "19": 345.23365186359155, "20": 378.03937649371255}