{"0": 375.353218187214, "1": 209.7243592152714, "2": 211.00994450393551, "3": 215.2174899986536, "5": 213.9493177788024, "6": 215.05387245829183, "7": 215.59337688212264, "9": 216.65295545798105, "10": 218.7231177990898, "22": 216.9931824209018, "23": 244.6552877415313, "4": 114.17938926250396, "8": 114.26119268475625, "11": 115.97438721171847, "21": 117.14579052342236, "12": 376.93060532214315, "13": 344.88422503440665, "14": 379.67258716847203, "15": 380.82473186401023, "16": 342.0397568491837, "17": 377.8466598102731, "18": 377.1769756103428, "19": 347.8566019534483, "20": 378.15983745663493}