{"0": 210.25083932285753, "1": 210.9117645614621, "2": 213.01371184129718, "3": 209.7969226815944, "5": 222.0556450911544, "6": 235.4756039324501, "7": 216.887972053423, "9": 214.7600738774904, "10": 218.18247557368514, "22": 218.59280177027338, "23": 279.98811209814033, "4": 114.00240553515177, "8": 113.23471956057759, "11": 116.34783854565967, "21": 119.08993360211744, "12": 377.85570459705366, "13": 343.07652261445605, "14": 376.54198011903287, "15": 377.53955801715375, "16": 344.18768808500954, "17": 378.24102424661095, "18": 380.8057374651858, "19": 343.9562871250476, "20": 385.3843820712768}