{"RNOG_vpol_v3_5inch_center_n1.74": 0.17724175465147735, "RNOG_vpol_new_v4_n1.00": 0.1819667044730658, "RNOG_vpol_new_v4_n1.10": 0.1743915528094419, "RNOG_vpol_new_v4_n1.20": 0.17317027493959516, "RNOG_vpol_new_v4_n1.30": 0.1695568066465085, "RNOG_vpol_new_v4_n1.40": 0.16639766181323462, "RNOG_vpol_new_v4_n1.50": 0.1642940330326712, "RNOG_vpol_new_v4_n1.60": 0.1605819736645794, "RNOG_vpol_new_v4_n1.70": 0.15842497662862542, "RNOG_vpol_new_v4_n1.80": 0.15566825381370689}