{
    "z_antenna": -100.0,
    "theta": [
        0.0,
        0.03173325912716963,
        0.06346651825433926,
        0.0951997773815089,
        0.12693303650867852,
        0.15866629563584814,
        0.1903995547630178,
        0.2221328138901874,
        0.25386607301735703,
        0.28559933214452665,
        0.3173325912716963,
        0.3490658503988659,
        0.3807991095260356,
        0.4125323686532052,
        0.4442656277803748,
        0.47599888690754444,
        0.5077321460347141,
        0.5394654051618837,
        0.5711986642890533,
        0.6029319234162229,
        0.6346651825433925,
        0.6663984416705622,
        0.6981317007977318,
        0.7298649599249014,
        0.7615982190520711,
        0.7933314781792408,
        0.8250647373064104,
        0.85679799643358,
        0.8885312555607496,
        0.9202645146879193,
        0.9519977738150889,
        0.9837310329422585,
        1.0154642920694281,
        1.0471975511965979,
        1.0789308103237674,
        1.110664069450937,
        1.1423973285781066,
        1.1741305877052763,
        1.2058638468324459,
        1.2375971059596156,
        1.269330365086785,
        1.3010636242139548,
        1.3327968833411243,
        1.364530142468294,
        1.3962634015954636,
        1.4279966607226333,
        1.4597299198498028,
        1.4914631789769726,
        1.5231964381041423,
        1.5549296972313118,
        1.5866629563584815,
        1.618396215485651,
        1.6501294746128208,
        1.6818627337399903,
        1.71359599286716,
        1.7453292519943295,
        1.7770625111214993,
        1.8087957702486688,
        1.8405290293758385,
        1.872262288503008,
        1.9039955476301778,
        1.9357288067573473,
        1.967462065884517,
        1.9991953250116865,
        2.0309285841388562,
        2.0626618432660258,
        2.0943951023931957,
        2.126128361520365,
        2.1578616206475347,
        2.1895948797747042,
        2.221328138901874,
        2.2530613980290437,
        2.284794657156213,
        2.3165279162833827,
        2.3482611754105527,
        2.379994434537722,
        2.4117276936648917,
        2.443460952792061,
        2.475194211919231,
        2.5069274710464007,
        2.53866073017357,
        2.57039398930074,
        2.6021272484279097,
        2.633860507555079,
        2.6655937666822487,
        2.6973270258094186,
        2.729060284936588,
        2.7607935440637577,
        2.792526803190927,
        2.824260062318097,
        2.8559933214452666,
        2.887726580572436,
        2.9194598396996057,
        2.9511930988267756,
        2.982926357953945,
        3.0146596170811146,
        3.0463928762082846,
        3.078126135335454,
        3.1098593944626236,
        3.141592653589793
    ],
    "eff_temperature": [
        34.89441169018422,
        34.8934710810127,
        34.99954144863585,
        35.102374946707236,
        35.20474246088035,
        35.42246799969118,
        35.64946619462856,
        36.00134888029397,
        36.376774254974634,
        36.900927793335754,
        37.582623469685146,
        38.35075343088301,
        39.24425008457571,
        40.54620688229266,
        42.18032625381424,
        44.49738547723718,
        47.96581708921287,
        54.281931165797175,
        68.78966946778642,
        142.20071555491916,
        248.49138462111043,
        248.19952416200908,
        247.90945801923223,
        247.62864932973656,
        247.37697432537257,
        247.16780534745462,
        246.8293896514456,
        246.4742505956819,
        246.07124871676672,
        245.63847549133783,
        245.1917690967344,
        244.74086630445362,
        244.3323695845019,
        243.945128818496,
        243.62564308864563,
        243.362233738028,
        243.14404431030644,
        242.96114864345924,
        242.8056820362826,
        242.67600851056014,
        242.56711375322178,
        242.4780172066456,
        242.40460169081382,
        242.3461302816422,
        242.30042557158404,
        242.26796277275957,
        242.24865469345792,
        242.24427925655385,
        242.2560924810025,
        242.28379408858677,
        242.32485514122254,
        242.37444966018512,
        242.42758765733336,
        242.48116131098678,
        242.53453024519067,
        242.58926652334446,
        242.64844074311517,
        242.71619032757786,
        242.7971439144858,
        242.89604297849803,
        243.01725772152437,
        243.16444895176352,
        243.3403292147886,
        243.54650999695355,
        243.78343246738226,
        244.05048506685088,
        244.34615547513897,
        244.66809438538576,
        245.01342186891858,
        245.37888836592217,
        245.7609718168163,
        246.15604132182145,
        246.56059497793012,
        246.97111594476138,
        247.38430550090698,
        247.7971891136279,
        248.20690163410563,
        248.6110173046228,
        249.0070507199205,
        249.39307712371397,
        249.76728001739946,
        250.12814667966447,
        250.47431890149056,
        250.8045837663851,
        251.11804691835343,
        251.41375560683755,
        251.69113812832396,
        251.94942981836599,
        252.1883036965687,
        252.40736909242597,
        252.60621986248313,
        252.78467779944955,
        252.9424860858368,
        253.07952142157754,
        253.19557121573482,
        253.29072717876727,
        253.36476955808624,
        253.4176997467445,
        253.44949833716277,
        253.4600390527296
    ],
    "attenuation_model": "GL3",
    "frequency": 0.4
}