{"z_antenna": -100, "theta": [180.0, 168.46363762762357, 163.65732088684177, 159.95002427584853, 156.80823048997212, 154.02560998217862, 151.49648988291986, 149.15817204505342, 146.9698483953633, 144.9031987724154, 142.93761800807306, 141.05755873101862, 139.25094562252963, 137.508176222077, 135.82146314535848, 134.18438515330445, 132.59157134639636, 131.03847320763768, 129.52119635864216, 128.0363739571236, 126.58106979025861, 125.15270296678003, 123.7489885958886, 122.36789048575854, 121.00758300686714, 119.66642003273088, 118.34290940939465, 117.03569178941228, 115.74352294435842, 114.4652588741193, 113.19984318290652, 111.94629630590968, 110.70370625703264, 109.47122063449069, 108.24803967235124, 107.03341016611417, 105.82662013187235, 104.6269940834779, 103.4338888319594, 102.24668972731133, 101.06480727555967, 99.88767407434104, 98.71474201861811, 97.54547973497002, 96.37937020844281, 95.21590857045413, 94.05460001989543, 92.89495785250858, 91.73650157593791, 90.57875508966079, 89.42124491033921, 88.26349842406208, 87.1050421474914, 85.94539998010455, 84.78409142954588, 83.62062979155719, 82.45452026502997, 81.28525798138187, 80.11232592565895, 78.93519272444031, 77.75331027268865, 76.5661111680406, 75.37300591652209, 74.17337986812764, 72.96658983388583, 71.75196032764876, 70.52877936550931, 69.29629374296734, 68.0537036940903, 66.80015681709347, 65.53474112588069, 64.25647705564158, 62.96430821058771, 61.65709059060533, 60.33357996726912, 58.99241699313285, 57.63210951424144, 56.251011404111416, 54.84729703321995, 53.4189302097414, 51.963626042876406, 50.47880364135783, 48.96152679236229, 47.40842865360365, 45.815614846695546, 44.17853685464152, 42.491823777923, 40.74905437747038, 38.94244126898137, 37.0623819919269, 35.09680122758458, 33.030151604636686, 30.84182795494657, 28.503510117080122, 25.974390017821364, 23.19176951002786, 20.049975724151476, 16.342679113158173, 11.536362372376418, 0.0], "eff_temperature": [253.2998177487583, 252.8092311234878, 252.32065196439493, 251.83462781846305, 251.35173569452394, 250.8725935419436, 250.39783662055405, 249.9281393215364, 249.46422102704005, 249.0068071520591, 248.55666402277188, 248.11458577292728, 247.68138056095458, 247.25788662530212, 246.8449696620431, 246.443477631035, 246.05428739190725, 245.6782647208448, 245.316262373382, 244.96912591753042, 244.63765430283055, 244.32260138547267, 244.02468570559682, 243.74451786468836, 243.48264147533408, 243.23948405750716, 243.01534310635046, 242.81037333099079, 242.62456450810137, 242.457735773344, 242.30950547320182, 242.1792977969374, 242.06633101251103, 241.9696230310464, 241.88800629632883, 241.82014593744867, 241.76457490797716, 241.7197301575036, 241.6840117898885, 241.6558289091838, 241.63366843482424, 241.6161450610897, 241.60205636736822, 241.5904207663431, 241.58049910607593, 241.57179873814925, 241.56405809735548, 241.55720770345448, 241.55131332162497, 241.54650952174885, 241.5429296974572, 241.5406550832787, 241.5396991698033, 241.54003287960114, 241.54163025750304, 241.54452029716515, 241.54886821236232, 241.55495511349835, 241.5631963341271, 241.57419100003585, 241.58870194647895, 241.60759528793727, 241.6318237889982, 241.66235528407356, 241.70024690818792, 241.74649482551604, 241.80202820286218, 241.86756051419889, 241.94362367703013, 242.0305281469511, 242.1283235892057, 242.23682201383812, 242.35580087255485, 242.48575132641122, 242.6293344155443, 242.79232527768295, 242.98014534519632, 243.19326391688287, 243.42874012116897, 243.68362318448172, 243.9558938204775, 244.24419184513388, 244.54749902609663, 244.86494140241146, 245.19569543415165, 245.5693025797496, 245.96471334315135, 246.35795629458363, 246.75771781621194, 247.16532991180918, 247.58094222735227, 60.188580004531474, 40.19781427974265, 32.870246517447555, 29.095292431077443, 26.820053386921487, 25.25953127113163, 24.14640080976527, 23.29849816273078, 22.64235988998364]}