{
    "z_antenna": -40.0,
    "theta": [
        0.0,
        0.03173325912716963,
        0.06346651825433926,
        0.0951997773815089,
        0.12693303650867852,
        0.15866629563584814,
        0.1903995547630178,
        0.2221328138901874,
        0.25386607301735703,
        0.28559933214452665,
        0.3173325912716963,
        0.3490658503988659,
        0.3807991095260356,
        0.4125323686532052,
        0.4442656277803748,
        0.47599888690754444,
        0.5077321460347141,
        0.5394654051618837,
        0.5711986642890533,
        0.6029319234162229,
        0.6346651825433925,
        0.6663984416705622,
        0.6981317007977318,
        0.7298649599249014,
        0.7615982190520711,
        0.7933314781792408,
        0.8250647373064104,
        0.85679799643358,
        0.8885312555607496,
        0.9202645146879193,
        0.9519977738150889,
        0.9837310329422585,
        1.0154642920694281,
        1.0471975511965979,
        1.0789308103237674,
        1.110664069450937,
        1.1423973285781066,
        1.1741305877052763,
        1.2058638468324459,
        1.2375971059596156,
        1.269330365086785,
        1.3010636242139548,
        1.3327968833411243,
        1.364530142468294,
        1.3962634015954636,
        1.4279966607226333,
        1.4597299198498028,
        1.4914631789769726,
        1.5231964381041423,
        1.5549296972313118,
        1.5866629563584815,
        1.618396215485651,
        1.6501294746128208,
        1.6818627337399903,
        1.71359599286716,
        1.7453292519943295,
        1.7770625111214993,
        1.8087957702486688,
        1.8405290293758385,
        1.872262288503008,
        1.9039955476301778,
        1.9357288067573473,
        1.967462065884517,
        1.9991953250116865,
        2.0309285841388562,
        2.0626618432660258,
        2.0943951023931957,
        2.126128361520365,
        2.1578616206475347,
        2.1895948797747042,
        2.221328138901874,
        2.2530613980290437,
        2.284794657156213,
        2.3165279162833827,
        2.3482611754105527,
        2.379994434537722,
        2.4117276936648917,
        2.443460952792061,
        2.475194211919231,
        2.5069274710464007,
        2.53866073017357,
        2.57039398930074,
        2.6021272484279097,
        2.633860507555079,
        2.6655937666822487,
        2.6973270258094186,
        2.729060284936588,
        2.7607935440637577,
        2.792526803190927,
        2.824260062318097,
        2.8559933214452666,
        2.887726580572436,
        2.9194598396996057,
        2.9511930988267756,
        2.982926357953945,
        3.0146596170811146,
        3.0463928762082846,
        3.078126135335454,
        3.1098593944626236,
        3.141592653589793
    ],
    "eff_temperature": [
        17.265111085589442,
        17.266318284375696,
        17.270319241539802,
        17.39415185488132,
        17.40618450447903,
        17.54259271324891,
        17.690994420431796,
        17.854773073544578,
        18.040310870822086,
        18.255920072647744,
        18.62954979311998,
        19.057967651447505,
        19.5627299314479,
        20.29171860601248,
        21.060351557281596,
        22.178816579140722,
        23.67319038355901,
        25.909833989691872,
        29.309637534761634,
        35.262025305092294,
        47.54239840162696,
        86.80366261714858,
        249.21137592334335,
        248.9523589745924,
        248.694410262123,
        248.44087633622323,
        248.19677324039753,
        247.97249957986708,
        247.84023378376455,
        247.5614765616516,
        247.28011065235413,
        246.9919859178515,
        246.68141714972785,
        246.3488171660971,
        246.01684024782074,
        245.68694948992083,
        245.36319744563255,
        245.0589046305002,
        244.7948931781567,
        244.54582063194675,
        244.322818015438,
        244.13876671121707,
        243.9830255845061,
        243.85245623220942,
        243.74615081384692,
        243.6629580243251,
        243.59748962152466,
        243.54877904448657,
        243.5161314991933,
        243.49897743571427,
        243.49689365843278,
        243.50963474995746,
        243.53722104535646,
        243.57980220561106,
        243.63772507259017,
        243.7115010796017,
        243.80166040854786,
        243.90877950761342,
        244.0333898342664,
        244.17588305793785,
        244.33647836633202,
        244.51525816418092,
        244.71193489629016,
        244.92602508397286,
        245.1567788120767,
        245.40315878609437,
        245.66391102240325,
        245.937578738027,
        246.2225782258723,
        246.51712857334644,
        246.81941688044958,
        247.12761625434825,
        247.4398231611925,
        247.75423645775047,
        248.06900341998767,
        248.38249762851535,
        248.6929931754316,
        248.99903948662543,
        249.29910503000085,
        249.59196665675432,
        249.87641027551473,
        250.151261683617,
        250.41557918151653,
        250.6685116287466,
        250.90914759433173,
        251.13692975517853,
        251.35111730897572,
        251.55118889256428,
        251.73672565517484,
        251.90729090113837,
        252.06251332129187,
        252.20213314684102,
        252.32585758091915,
        252.43345052325336,
        252.5247522975871,
        252.59969607880487,
        252.65802008846688,
        252.69980383449968,
        252.72484964261113,
        252.73322336291173
    ],
    "attenuation_model": "GL3",
    "frequency": 0.4
}