{
    "z_antenna": -60.0,
    "theta": [
        0.0,
        0.03173325912716963,
        0.06346651825433926,
        0.0951997773815089,
        0.12693303650867852,
        0.15866629563584814,
        0.1903995547630178,
        0.2221328138901874,
        0.25386607301735703,
        0.28559933214452665,
        0.3173325912716963,
        0.3490658503988659,
        0.3807991095260356,
        0.4125323686532052,
        0.4442656277803748,
        0.47599888690754444,
        0.5077321460347141,
        0.5394654051618837,
        0.5711986642890533,
        0.6029319234162229,
        0.6346651825433925,
        0.6663984416705622,
        0.6981317007977318,
        0.7298649599249014,
        0.7615982190520711,
        0.7933314781792408,
        0.8250647373064104,
        0.85679799643358,
        0.8885312555607496,
        0.9202645146879193,
        0.9519977738150889,
        0.9837310329422585,
        1.0154642920694281,
        1.0471975511965979,
        1.0789308103237674,
        1.110664069450937,
        1.1423973285781066,
        1.1741305877052763,
        1.2058638468324459,
        1.2375971059596156,
        1.269330365086785,
        1.3010636242139548,
        1.3327968833411243,
        1.364530142468294,
        1.3962634015954636,
        1.4279966607226333,
        1.4597299198498028,
        1.4914631789769726,
        1.5231964381041423,
        1.5549296972313118,
        1.5866629563584815,
        1.618396215485651,
        1.6501294746128208,
        1.6818627337399903,
        1.71359599286716,
        1.7453292519943295,
        1.7770625111214993,
        1.8087957702486688,
        1.8405290293758385,
        1.872262288503008,
        1.9039955476301778,
        1.9357288067573473,
        1.967462065884517,
        1.9991953250116865,
        2.0309285841388562,
        2.0626618432660258,
        2.0943951023931957,
        2.126128361520365,
        2.1578616206475347,
        2.1895948797747042,
        2.221328138901874,
        2.2530613980290437,
        2.284794657156213,
        2.3165279162833827,
        2.3482611754105527,
        2.379994434537722,
        2.4117276936648917,
        2.443460952792061,
        2.475194211919231,
        2.5069274710464007,
        2.53866073017357,
        2.57039398930074,
        2.6021272484279097,
        2.633860507555079,
        2.6655937666822487,
        2.6973270258094186,
        2.729060284936588,
        2.7607935440637577,
        2.792526803190927,
        2.824260062318097,
        2.8559933214452666,
        2.887726580572436,
        2.9194598396996057,
        2.9511930988267756,
        2.982926357953945,
        3.0146596170811146,
        3.0463928762082846,
        3.078126135335454,
        3.1098593944626236,
        3.141592653589793
    ],
    "eff_temperature": [
        23.393120060764637,
        23.506759310162668,
        23.50746618296626,
        23.625185352382594,
        23.633546148728087,
        23.87632112726878,
        24.017728635041156,
        24.28960430152727,
        24.58379389561557,
        24.913184162208225,
        25.2926291685597,
        25.85409688161299,
        26.62324452962421,
        27.426762155718073,
        28.675546972202614,
        30.17122028286699,
        32.39842751407228,
        35.9110949071399,
        42.11529584760583,
        55.52954339413126,
        107.3784935388316,
        248.95458485141842,
        248.67689416866824,
        248.40013698977288,
        248.12912274657168,
        247.87256930565624,
        247.66412735400417,
        247.42558107695197,
        247.11090505542847,
        246.78373123638934,
        246.41917002667012,
        246.0315213182172,
        245.63769134581221,
        245.24077367537294,
        244.8627709368272,
        244.52254335152546,
        244.203635615954,
        243.93812042307025,
        243.71324129647215,
        243.5284745333828,
        243.3720586441899,
        243.23994689717594,
        243.13160697770874,
        243.041150380146,
        242.9678387847078,
        242.91141291665244,
        242.86972196874086,
        242.8411322708351,
        242.82495048760734,
        242.82057020122508,
        242.8275420145763,
        242.8456021566681,
        242.87483055748794,
        242.91560441094356,
        242.9686800078148,
        243.0351361645093,
        243.1163390272766,
        243.2138092782114,
        243.3291459385713,
        243.46380189780933,
        243.61900216510082,
        243.79566679463485,
        243.99425484005866,
        244.2147455352366,
        244.4566282551762,
        244.71896724317602,
        245.00034562997035,
        245.29901184746504,
        245.61295069388177,
        245.93994137269655,
        246.2775879050464,
        246.62348708733015,
        246.97520886624582,
        247.33035812659307,
        247.68663495117164,
        248.04180515172285,
        248.3939039328418,
        248.74095143374322,
        249.0812962101728,
        249.41314941786916,
        249.73528749176216,
        250.04632234130025,
        250.34507377651812,
        250.63071062110168,
        250.9021591706085,
        251.15867774629666,
        251.39973514146945,
        251.6246607136297,
        251.83291016527915,
        252.0241746502104,
        252.19808071436069,
        252.35435673097962,
        252.49265600102555,
        252.61295412839624,
        252.7149472856547,
        252.79852627550133,
        252.8636869085607,
        252.91023960967686,
        252.93823108884328,
        252.94757427808076
    ],
    "attenuation_model": "GL3",
    "frequency": 0.4
}