{
    "z_antenna": -80.0,
    "theta": [
        0.0,
        0.03173325912716963,
        0.06346651825433926,
        0.0951997773815089,
        0.12693303650867852,
        0.15866629563584814,
        0.1903995547630178,
        0.2221328138901874,
        0.25386607301735703,
        0.28559933214452665,
        0.3173325912716963,
        0.3490658503988659,
        0.3807991095260356,
        0.4125323686532052,
        0.4442656277803748,
        0.47599888690754444,
        0.5077321460347141,
        0.5394654051618837,
        0.5711986642890533,
        0.6029319234162229,
        0.6346651825433925,
        0.6663984416705622,
        0.6981317007977318,
        0.7298649599249014,
        0.7615982190520711,
        0.7933314781792408,
        0.8250647373064104,
        0.85679799643358,
        0.8885312555607496,
        0.9202645146879193,
        0.9519977738150889,
        0.9837310329422585,
        1.0154642920694281,
        1.0471975511965979,
        1.0789308103237674,
        1.110664069450937,
        1.1423973285781066,
        1.1741305877052763,
        1.2058638468324459,
        1.2375971059596156,
        1.269330365086785,
        1.3010636242139548,
        1.3327968833411243,
        1.364530142468294,
        1.3962634015954636,
        1.4279966607226333,
        1.4597299198498028,
        1.4914631789769726,
        1.5231964381041423,
        1.5549296972313118,
        1.5866629563584815,
        1.618396215485651,
        1.6501294746128208,
        1.6818627337399903,
        1.71359599286716,
        1.7453292519943295,
        1.7770625111214993,
        1.8087957702486688,
        1.8405290293758385,
        1.872262288503008,
        1.9039955476301778,
        1.9357288067573473,
        1.967462065884517,
        1.9991953250116865,
        2.0309285841388562,
        2.0626618432660258,
        2.0943951023931957,
        2.126128361520365,
        2.1578616206475347,
        2.1895948797747042,
        2.221328138901874,
        2.2530613980290437,
        2.284794657156213,
        2.3165279162833827,
        2.3482611754105527,
        2.379994434537722,
        2.4117276936648917,
        2.443460952792061,
        2.475194211919231,
        2.5069274710464007,
        2.53866073017357,
        2.57039398930074,
        2.6021272484279097,
        2.633860507555079,
        2.6655937666822487,
        2.6973270258094186,
        2.729060284936588,
        2.7607935440637577,
        2.792526803190927,
        2.824260062318097,
        2.8559933214452666,
        2.887726580572436,
        2.9194598396996057,
        2.9511930988267756,
        2.982926357953945,
        3.0146596170811146,
        3.0463928762082846,
        3.078126135335454,
        3.1098593944626236,
        3.141592653589793
    ],
    "eff_temperature": [
        29.276635497247998,
        29.275887038760672,
        29.385327943067374,
        29.49524296868808,
        29.611021091120463,
        29.730783104907317,
        29.97082483396619,
        30.22992897927886,
        30.62525691618935,
        31.056049821335872,
        31.65323242923075,
        32.32962490418314,
        33.119236427777274,
        34.19847251042366,
        35.673758918088986,
        37.63690890823384,
        40.62463242598373,
        45.769573152281,
        56.02550747133133,
        87.8978996103364,
        248.81208003799327,
        248.52400130349162,
        248.2357791902615,
        247.95246257393958,
        247.68420663977776,
        247.4776423406421,
        247.20206691592225,
        246.8658598097805,
        246.50915008196435,
        246.10139391663236,
        245.6776050606327,
        245.2431258307065,
        244.811490708116,
        244.42448378477928,
        244.05839779245971,
        243.75585955959306,
        243.50328818004635,
        243.29576235832397,
        243.11931446897597,
        242.97167239265258,
        242.84632727439399,
        242.74373632150864,
        242.6589200133196,
        242.59177142877832,
        242.53982313080687,
        242.5012948742007,
        242.47608620169882,
        242.4630747492274,
        242.46122667345628,
        242.4698487754575,
        242.48796556247748,
        242.5144620864516,
        242.5484020540647,
        242.58935264724377,
        242.6376518100824,
        242.69451688192802,
        242.7619439925192,
        242.8425744272106,
        242.9393658416808,
        243.05534147170857,
        243.19323972676926,
        243.3553294829402,
        243.5431689242764,
        243.75757713941348,
        243.9985155978877,
        244.26518881212294,
        244.55616091082493,
        244.86935916947462,
        245.20231619888648,
        245.55225252932013,
        245.91615166154423,
        246.29100528883345,
        246.67373202717488,
        247.0613650829826,
        247.45102106012394,
        247.84008559699413,
        248.22602966819122,
        248.60660934137712,
        248.97972572913392,
        249.34355748509523,
        249.69644818991037,
        250.03694316934542,
        250.36377127837437,
        250.67584943857423,
        250.97225332849874,
        251.25214161855172,
        251.51475427185554,
        251.759599168394,
        251.98613372989644,
        252.19403790395947,
        252.38286612252531,
        252.55235112956115,
        252.7024005954472,
        252.83268107863526,
        252.94314514110852,
        253.03368368746905,
        253.10413508468858,
        253.15454399903308,
        253.18472486820136,
        253.19486781437118
    ],
    "attenuation_model": "GL3",
    "frequency": 0.4
}