{
    "z_antenna": -1.0,
    "theta": [
        0.0,
        0.03173325912716963,
        0.06346651825433926,
        0.0951997773815089,
        0.12693303650867852,
        0.15866629563584814,
        0.1903995547630178,
        0.2221328138901874,
        0.25386607301735703,
        0.28559933214452665,
        0.3173325912716963,
        0.3490658503988659,
        0.3807991095260356,
        0.4125323686532052,
        0.4442656277803748,
        0.47599888690754444,
        0.5077321460347141,
        0.5394654051618837,
        0.5711986642890533,
        0.6029319234162229,
        0.6346651825433925,
        0.6663984416705622,
        0.6981317007977318,
        0.7298649599249014,
        0.7615982190520711,
        0.7933314781792408,
        0.8250647373064104,
        0.85679799643358,
        0.8885312555607496,
        0.9202645146879193,
        0.9519977738150889,
        0.9837310329422585,
        1.0154642920694281,
        1.0471975511965979,
        1.0789308103237674,
        1.110664069450937,
        1.1423973285781066,
        1.1741305877052763,
        1.2058638468324459,
        1.2375971059596156,
        1.269330365086785,
        1.3010636242139548,
        1.3327968833411243,
        1.364530142468294,
        1.3962634015954636,
        1.4279966607226333,
        1.4597299198498028,
        1.4914631789769726,
        1.5231964381041423,
        1.5549296972313118,
        1.5866629563584815,
        1.618396215485651,
        1.6501294746128208,
        1.6818627337399903,
        1.71359599286716,
        1.7453292519943295,
        1.7770625111214993,
        1.8087957702486688,
        1.8405290293758385,
        1.872262288503008,
        1.9039955476301778,
        1.9357288067573473,
        1.967462065884517,
        1.9991953250116865,
        2.0309285841388562,
        2.0626618432660258,
        2.0943951023931957,
        2.126128361520365,
        2.1578616206475347,
        2.1895948797747042,
        2.221328138901874,
        2.2530613980290437,
        2.284794657156213,
        2.3165279162833827,
        2.3482611754105527,
        2.379994434537722,
        2.4117276936648917,
        2.443460952792061,
        2.475194211919231,
        2.5069274710464007,
        2.53866073017357,
        2.57039398930074,
        2.6021272484279097,
        2.633860507555079,
        2.6655937666822487,
        2.6973270258094186,
        2.729060284936588,
        2.7607935440637577,
        2.792526803190927,
        2.824260062318097,
        2.8559933214452666,
        2.887726580572436,
        2.9194598396996057,
        2.9511930988267756,
        2.982926357953945,
        3.0146596170811146,
        3.0463928762082846,
        3.078126135335454,
        3.1098593944626236,
        3.141592653589793
    ],
    "eff_temperature": [
        3.1794742016916917,
        3.1807583139686364,
        3.1846547841919777,
        3.1916422896723047,
        3.2024442254180343,
        3.218093243490179,
        3.2399460732994463,
        3.2697191855556085,
        3.3094912998087986,
        3.3619328285136887,
        3.4301011096027954,
        3.517884305150035,
        3.6300056890470134,
        3.7722994662248626,
        3.9522972360822397,
        4.179556383248683,
        4.466574534792369,
        4.8303388616101115,
        5.294035198227448,
        6.014268313992656,
        6.790923682014268,
        7.81943477030938,
        9.211786389007843,
        11.148218338593866,
        13.944353231187474,
        18.18272294720883,
        25.08782608986918,
        37.78823816479506,
        66.65113037982184,
        249.33223615308842,
        249.1650598631086,
        249.0018824954524,
        248.84359607628394,
        248.69111187268726,
        248.5453169506772,
        248.4071405804758,
        248.27748216261378,
        248.1573679517897,
        248.04777004843555,
        247.950026687626,
        247.86593406443998,
        247.79872567831816,
        247.758140204793,
        247.75501097412823,
        247.671456359037,
        247.59773395005087,
        247.53417795616093,
        247.48119469043053,
        247.43913714394225,
        247.40829550602766,
        247.3890253280894,
        247.38156650638248,
        247.38603779373452,
        247.40258557330165,
        247.43124269519743,
        247.47199498108188,
        247.52470508729022,
        247.58916607852646,
        247.66509953915758,
        247.75220754655348,
        247.8500208605745,
        247.95808995970853,
        248.0758585430486,
        248.20268231397145,
        248.33797938041843,
        248.48094003498684,
        248.6309147379385,
        248.78707117589678,
        248.94860402820814,
        249.1147005535963,
        249.28446648610418,
        249.45708819754236,
        249.6317928738439,
        249.80757252701224,
        249.9837082031788,
        250.15932289871625,
        250.33372597546804,
        250.50610811584573,
        250.67563468577885,
        250.84175601041753,
        251.0037200172747,
        251.16087646003206,
        251.31269805860126,
        251.45865070326144,
        251.59815275034734,
        251.73077125538256,
        251.8559646319126,
        251.97340757703984,
        252.0827902534435,
        252.18369725804806,
        252.2758758791198,
        252.35903388996147,
        252.43296019750036,
        252.49739603866314,
        252.55223429335544,
        252.59726275323092,
        252.63240531929586,
        252.65760706609913,
        252.6727834356964,
        252.67779500802544
    ],
    "attenuation_model": "GL3",
    "frequency": 0.4
}